<?xml version="1.0" encoding="UTF-8"?>
<con:soapui-project id="ed8b1da4-c790-42c2-8658-fa992ac299a8" activeEnvironment="Default" name="Pokemon-Service" resourceRoot="" soapui-version="5.7.0" abortOnError="false" runType="SEQUENTIAL" xmlns:con="http://eviware.com/soapui/config"><con:settings/><con:interface xsi:type="con:WsdlInterface" id="25973efd-d9c4-4293-bfc7-799008758a0c" wsaVersion="NONE" name="PokemonPortSoap11" type="wsdl" bindingName="{http://pokemon/challenge/bankaya-web-service}PokemonPortSoap11" soapVersion="1_1" anonymous="optional" definition="http://localhost:8080/ws/pokemon.wsdl" xmlns:xsi="http://www.w3.org/2001/XMLSchema-instance"><con:settings/><con:definitionCache type="TEXT" rootPart="http://localhost:8080/ws/pokemon.wsdl"><con:part><con:url>http://localhost:8080/ws/pokemon.wsdl</con:url><con:content><![CDATA[<wsdl:definitions targetNamespace="http://pokemon/challenge/bankaya-web-service" xmlns:wsdl="http://schemas.xmlsoap.org/wsdl/" xmlns:sch="http://pokemon/challenge/bankaya-web-service" xmlns:soap="http://schemas.xmlsoap.org/wsdl/soap/" xmlns:tns="http://pokemon/challenge/bankaya-web-service">
  <wsdl:types>
    <xs:schema elementFormDefault="qualified" targetNamespace="http://pokemon/challenge/bankaya-web-service" xmlns:xs="http://www.w3.org/2001/XMLSchema">
      <!--*********************************** getAbilitiesRequest ***********************************-->
      <xs:element name="getAbilitiesRequest">
        <xs:complexType>
          <xs:sequence>
            <xs:element name="name" type="xs:string"/>
          </xs:sequence>
        </xs:complexType>
      </xs:element>
      <xs:element name="getAbilitiesResponse">
        <xs:complexType>
          <xs:sequence>
            <xs:element maxOccurs="unbounded" minOccurs="0" name="ability" nillable="true" type="xs:string"/>
          </xs:sequence>
        </xs:complexType>
      </xs:element>
      <!--*********************************** getBaseExperienceRequest ***********************************-->
      <xs:element name="getBaseExperienceRequest">
        <xs:complexType>
          <xs:sequence>
            <xs:element name="name" type="xs:string"/>
          </xs:sequence>
        </xs:complexType>
      </xs:element>
      <xs:element name="getBaseExperienceResponse">
        <xs:complexType>
          <xs:sequence>
            <xs:element name="base-experience" type="xs:int"/>
          </xs:sequence>
        </xs:complexType>
      </xs:element>
      <!--*********************************** getHeldItemsRequest ***********************************-->
      <xs:element name="getHeldItemsRequest">
        <xs:complexType>
          <xs:sequence>
            <xs:element name="name" type="xs:string"/>
          </xs:sequence>
        </xs:complexType>
      </xs:element>
      <xs:element name="getHeldItemsResponse">
        <xs:complexType>
          <xs:sequence>
            <xs:element maxOccurs="unbounded" minOccurs="0" name="held-item" nillable="true" type="xs:string"/>
          </xs:sequence>
        </xs:complexType>
      </xs:element>
      <!--*********************************** getIdRequest ***********************************-->
      <xs:element name="getIdRequest">
        <xs:complexType>
          <xs:sequence>
            <xs:element name="name" type="xs:string"/>
          </xs:sequence>
        </xs:complexType>
      </xs:element>
      <xs:element name="getIdResponse">
        <xs:complexType>
          <xs:sequence>
            <xs:element name="id" type="xs:int"/>
          </xs:sequence>
        </xs:complexType>
      </xs:element>
      <!--*********************************** getNameRequest ***********************************-->
      <xs:element name="getNameRequest">
        <xs:complexType>
          <xs:sequence>
            <xs:element name="name" type="xs:string"/>
          </xs:sequence>
        </xs:complexType>
      </xs:element>
      <xs:element name="getNameResponse">
        <xs:complexType>
          <xs:sequence>
            <xs:element name="name-pokemon" type="xs:string"/>
          </xs:sequence>
        </xs:complexType>
      </xs:element>
      <!--*********************************** getLocationAreaEncountersRequest ***********************************-->
      <xs:element name="getLocationAreaEncountersRequest">
        <xs:complexType>
          <xs:sequence>
            <xs:element name="name" type="xs:string"/>
          </xs:sequence>
        </xs:complexType>
      </xs:element>
      <xs:element name="getLocationAreaEncountersResponse">
        <xs:complexType>
          <xs:sequence>
            <xs:element maxOccurs="unbounded" minOccurs="0" name="location" nillable="true" type="xs:string"/>
          </xs:sequence>
        </xs:complexType>
      </xs:element>
    </xs:schema>
  </wsdl:types>
  <wsdl:message name="getAbilitiesRequest">
    <wsdl:part element="tns:getAbilitiesRequest" name="getAbilitiesRequest"></wsdl:part>
  </wsdl:message>
  <wsdl:message name="getBaseExperienceResponse">
    <wsdl:part element="tns:getBaseExperienceResponse" name="getBaseExperienceResponse"></wsdl:part>
  </wsdl:message>
  <wsdl:message name="getAbilitiesResponse">
    <wsdl:part element="tns:getAbilitiesResponse" name="getAbilitiesResponse"></wsdl:part>
  </wsdl:message>
  <wsdl:message name="getBaseExperienceRequest">
    <wsdl:part element="tns:getBaseExperienceRequest" name="getBaseExperienceRequest"></wsdl:part>
  </wsdl:message>
  <wsdl:message name="getIdResponse">
    <wsdl:part element="tns:getIdResponse" name="getIdResponse"></wsdl:part>
  </wsdl:message>
  <wsdl:message name="getNameRequest">
    <wsdl:part element="tns:getNameRequest" name="getNameRequest"></wsdl:part>
  </wsdl:message>
  <wsdl:message name="getLocationAreaEncountersResponse">
    <wsdl:part element="tns:getLocationAreaEncountersResponse" name="getLocationAreaEncountersResponse"></wsdl:part>
  </wsdl:message>
  <wsdl:message name="getLocationAreaEncountersRequest">
    <wsdl:part element="tns:getLocationAreaEncountersRequest" name="getLocationAreaEncountersRequest"></wsdl:part>
  </wsdl:message>
  <wsdl:message name="getIdRequest">
    <wsdl:part element="tns:getIdRequest" name="getIdRequest"></wsdl:part>
  </wsdl:message>
  <wsdl:message name="getHeldItemsResponse">
    <wsdl:part element="tns:getHeldItemsResponse" name="getHeldItemsResponse"></wsdl:part>
  </wsdl:message>
  <wsdl:message name="getNameResponse">
    <wsdl:part element="tns:getNameResponse" name="getNameResponse"></wsdl:part>
  </wsdl:message>
  <wsdl:message name="getHeldItemsRequest">
    <wsdl:part element="tns:getHeldItemsRequest" name="getHeldItemsRequest"></wsdl:part>
  </wsdl:message>
  <wsdl:portType name="PokemonPort">
    <wsdl:operation name="getAbilities">
      <wsdl:input message="tns:getAbilitiesRequest" name="getAbilitiesRequest"></wsdl:input>
      <wsdl:output message="tns:getAbilitiesResponse" name="getAbilitiesResponse"></wsdl:output>
    </wsdl:operation>
    <wsdl:operation name="getBaseExperience">
      <wsdl:input message="tns:getBaseExperienceRequest" name="getBaseExperienceRequest"></wsdl:input>
      <wsdl:output message="tns:getBaseExperienceResponse" name="getBaseExperienceResponse"></wsdl:output>
    </wsdl:operation>
    <wsdl:operation name="getId">
      <wsdl:input message="tns:getIdRequest" name="getIdRequest"></wsdl:input>
      <wsdl:output message="tns:getIdResponse" name="getIdResponse"></wsdl:output>
    </wsdl:operation>
    <wsdl:operation name="getName">
      <wsdl:input message="tns:getNameRequest" name="getNameRequest"></wsdl:input>
      <wsdl:output message="tns:getNameResponse" name="getNameResponse"></wsdl:output>
    </wsdl:operation>
    <wsdl:operation name="getLocationAreaEncounters">
      <wsdl:input message="tns:getLocationAreaEncountersRequest" name="getLocationAreaEncountersRequest"></wsdl:input>
      <wsdl:output message="tns:getLocationAreaEncountersResponse" name="getLocationAreaEncountersResponse"></wsdl:output>
    </wsdl:operation>
    <wsdl:operation name="getHeldItems">
      <wsdl:input message="tns:getHeldItemsRequest" name="getHeldItemsRequest"></wsdl:input>
      <wsdl:output message="tns:getHeldItemsResponse" name="getHeldItemsResponse"></wsdl:output>
    </wsdl:operation>
  </wsdl:portType>
  <wsdl:binding name="PokemonPortSoap11" type="tns:PokemonPort">
    <soap:binding style="document" transport="http://schemas.xmlsoap.org/soap/http"/>
    <wsdl:operation name="getAbilities">
      <soap:operation soapAction=""/>
      <wsdl:input name="getAbilitiesRequest">
        <soap:body use="literal"/>
      </wsdl:input>
      <wsdl:output name="getAbilitiesResponse">
        <soap:body use="literal"/>
      </wsdl:output>
    </wsdl:operation>
    <wsdl:operation name="getBaseExperience">
      <soap:operation soapAction=""/>
      <wsdl:input name="getBaseExperienceRequest">
        <soap:body use="literal"/>
      </wsdl:input>
      <wsdl:output name="getBaseExperienceResponse">
        <soap:body use="literal"/>
      </wsdl:output>
    </wsdl:operation>
    <wsdl:operation name="getId">
      <soap:operation soapAction=""/>
      <wsdl:input name="getIdRequest">
        <soap:body use="literal"/>
      </wsdl:input>
      <wsdl:output name="getIdResponse">
        <soap:body use="literal"/>
      </wsdl:output>
    </wsdl:operation>
    <wsdl:operation name="getName">
      <soap:operation soapAction=""/>
      <wsdl:input name="getNameRequest">
        <soap:body use="literal"/>
      </wsdl:input>
      <wsdl:output name="getNameResponse">
        <soap:body use="literal"/>
      </wsdl:output>
    </wsdl:operation>
    <wsdl:operation name="getLocationAreaEncounters">
      <soap:operation soapAction=""/>
      <wsdl:input name="getLocationAreaEncountersRequest">
        <soap:body use="literal"/>
      </wsdl:input>
      <wsdl:output name="getLocationAreaEncountersResponse">
        <soap:body use="literal"/>
      </wsdl:output>
    </wsdl:operation>
    <wsdl:operation name="getHeldItems">
      <soap:operation soapAction=""/>
      <wsdl:input name="getHeldItemsRequest">
        <soap:body use="literal"/>
      </wsdl:input>
      <wsdl:output name="getHeldItemsResponse">
        <soap:body use="literal"/>
      </wsdl:output>
    </wsdl:operation>
  </wsdl:binding>
  <wsdl:service name="PokemonPortService">
    <wsdl:port binding="tns:PokemonPortSoap11" name="PokemonPortSoap11">
      <soap:address location="http://localhost:8080/ws"/>
    </wsdl:port>
  </wsdl:service>
</wsdl:definitions>]]></con:content><con:type>http://schemas.xmlsoap.org/wsdl/</con:type></con:part></con:definitionCache><con:endpoints><con:endpoint>http://localhost:8080/ws</con:endpoint></con:endpoints><con:operation id="9df63706-618d-4ca5-9be9-6f09fc3d6562" isOneWay="false" action="" name="getBaseExperience" bindingOperationName="getBaseExperience" type="Request-Response" outputName="getBaseExperienceResponse" inputName="getBaseExperienceRequest" receivesAttachments="false" sendsAttachments="false" anonymous="optional"><con:settings/><con:call id="a10526f6-7150-4db7-8139-1b10cca6ad92" name="Request 1"><con:settings><con:setting id="com.eviware.soapui.impl.wsdl.WsdlRequest@request-headers">&lt;xml-fragment/></con:setting></con:settings><con:encoding>UTF-8</con:encoding><con:endpoint>http://localhost:8080/ws</con:endpoint><con:request><![CDATA[<soapenv:Envelope xmlns:soapenv="http://schemas.xmlsoap.org/soap/envelope/" xmlns:ban="http://pokemon/challenge/bankaya-web-service">
   <soapenv:Header/>
   <soapenv:Body>
      <ban:getBaseExperienceRequest>
         <ban:name>Raichu</ban:name>
      </ban:getBaseExperienceRequest>
   </soapenv:Body>
</soapenv:Envelope>]]></con:request><con:credentials><con:authType>No Authorization</con:authType></con:credentials><con:jmsConfig JMSDeliveryMode="PERSISTENT"/><con:jmsPropertyConfig/><con:wsaConfig mustUnderstand="NONE" version="200508" action="http://pokemon/challenge/bankaya-web-service/PokemonsPort/getBaseExperienceRequest"/><con:wsrmConfig version="1.2"/></con:call></con:operation><con:operation id="354b48af-d1a1-434c-8443-593ffb1be586" isOneWay="false" action="" name="getName" bindingOperationName="getName" type="Request-Response" outputName="getNameResponse" inputName="getNameRequest" receivesAttachments="false" sendsAttachments="false" anonymous="optional"><con:settings/><con:call id="a35c86e2-105e-4328-9e37-6fe5d013c844" name="Request 1"><con:settings><con:setting id="com.eviware.soapui.impl.wsdl.WsdlRequest@request-headers">&lt;xml-fragment/></con:setting></con:settings><con:encoding>UTF-8</con:encoding><con:endpoint>http://localhost:8080/ws</con:endpoint><con:request><![CDATA[<soapenv:Envelope xmlns:soapenv="http://schemas.xmlsoap.org/soap/envelope/" xmlns:ban="http://pokemon/challenge/bankaya-web-service">
   <soapenv:Header/>
   <soapenv:Body>
      <ban:getNameRequest>
         <ban:name>26</ban:name>
      </ban:getNameRequest>
   </soapenv:Body>
</soapenv:Envelope>]]></con:request><con:credentials><con:authType>No Authorization</con:authType></con:credentials><con:jmsConfig JMSDeliveryMode="PERSISTENT"/><con:jmsPropertyConfig/><con:wsaConfig mustUnderstand="NONE" version="200508" action="http://pokemon/challenge/bankaya-web-service/PokemonsPort/getNameRequest"/><con:wsrmConfig version="1.2"/></con:call></con:operation><con:operation id="75782ddc-c78a-4e25-84d4-47688e234ba7" isOneWay="false" action="" name="getId" bindingOperationName="getId" type="Request-Response" outputName="getIdResponse" inputName="getIdRequest" receivesAttachments="false" sendsAttachments="false" anonymous="optional"><con:settings/><con:call id="48974030-49cd-4184-90aa-e446a10aa136" name="Request 1"><con:settings><con:setting id="com.eviware.soapui.impl.wsdl.WsdlRequest@request-headers">&lt;xml-fragment/></con:setting></con:settings><con:encoding>UTF-8</con:encoding><con:endpoint>http://localhost:8080/ws</con:endpoint><con:request><![CDATA[<soapenv:Envelope xmlns:soapenv="http://schemas.xmlsoap.org/soap/envelope/" xmlns:ban="http://pokemon/challenge/bankaya-web-service">
   <soapenv:Header/>
   <soapenv:Body>
      <ban:getIdRequest>
         <ban:name>Raichu</ban:name>
      </ban:getIdRequest>
   </soapenv:Body>
</soapenv:Envelope>]]></con:request><con:credentials><con:authType>No Authorization</con:authType></con:credentials><con:jmsConfig JMSDeliveryMode="PERSISTENT"/><con:jmsPropertyConfig/><con:wsaConfig mustUnderstand="NONE" version="200508" action="http://pokemon/challenge/bankaya-web-service/PokemonsPort/getIdRequest"/><con:wsrmConfig version="1.2"/></con:call></con:operation><con:operation id="56392afa-03db-4d82-80f5-42bc1242bef9" isOneWay="false" action="" name="getHeldItems" bindingOperationName="getHeldItems" type="Request-Response" outputName="getHeldItemsResponse" inputName="getHeldItemsRequest" receivesAttachments="false" sendsAttachments="false" anonymous="optional"><con:settings/><con:call id="db26f972-c536-4edc-a8c0-61af3ea83b3f" name="Request 1"><con:settings><con:setting id="com.eviware.soapui.impl.wsdl.WsdlRequest@request-headers">&lt;xml-fragment/></con:setting></con:settings><con:encoding>UTF-8</con:encoding><con:endpoint>http://localhost:8080/ws</con:endpoint><con:request><![CDATA[<soapenv:Envelope xmlns:soapenv="http://schemas.xmlsoap.org/soap/envelope/" xmlns:ban="http://pokemon/challenge/bankaya-web-service">
   <soapenv:Header/>
   <soapenv:Body>
      <ban:getHeldItemsRequest>
         <ban:name>raichu</ban:name>
      </ban:getHeldItemsRequest>
   </soapenv:Body>
</soapenv:Envelope>]]></con:request><con:credentials><con:authType>No Authorization</con:authType></con:credentials><con:jmsConfig JMSDeliveryMode="PERSISTENT"/><con:jmsPropertyConfig/><con:wsaConfig mustUnderstand="NONE" version="200508" action="http://pokemon/challenge/bankaya-web-service/PokemonsPort/getHeldItemsRequest"/><con:wsrmConfig version="1.2"/></con:call></con:operation><con:operation id="19af1354-993e-4aa4-be82-5d011ad99038" isOneWay="false" action="" name="getLocationAreaEncounters" bindingOperationName="getLocationAreaEncounters" type="Request-Response" outputName="getLocationAreaEncountersResponse" inputName="getLocationAreaEncountersRequest" receivesAttachments="false" sendsAttachments="false" anonymous="optional"><con:settings/><con:call id="4e2a4da3-5b96-496e-8b49-9b3696268f95" name="Request 1"><con:settings><con:setting id="com.eviware.soapui.impl.wsdl.WsdlRequest@request-headers">&lt;xml-fragment/></con:setting></con:settings><con:encoding>UTF-8</con:encoding><con:endpoint>http://localhost:8080/ws</con:endpoint><con:request><![CDATA[<soapenv:Envelope xmlns:soapenv="http://schemas.xmlsoap.org/soap/envelope/" xmlns:ban="http://pokemon/challenge/bankaya-web-service">
   <soapenv:Header/>
   <soapenv:Body>
      <ban:getLocationAreaEncountersRequest>
         <ban:name>raichu</ban:name>
      </ban:getLocationAreaEncountersRequest>
   </soapenv:Body>
</soapenv:Envelope>]]></con:request><con:credentials><con:authType>No Authorization</con:authType></con:credentials><con:jmsConfig JMSDeliveryMode="PERSISTENT"/><con:jmsPropertyConfig/><con:wsaConfig mustUnderstand="NONE" version="200508" action="http://pokemon/challenge/bankaya-web-service/PokemonsPort/getLocationAreaEncountersRequest"/><con:wsrmConfig version="1.2"/></con:call></con:operation><con:operation id="63df1ccc-e0f1-44a5-b578-78d4918ac25b" isOneWay="false" action="" name="getAbilities" bindingOperationName="getAbilities" type="Request-Response" outputName="getAbilitiesResponse" inputName="getAbilitiesRequest" receivesAttachments="false" sendsAttachments="false" anonymous="optional"><con:settings/><con:call id="d723680d-41cb-4158-ac15-0431ebff46d4" name="Request 1"><con:settings><con:setting id="com.eviware.soapui.impl.wsdl.WsdlRequest@request-headers">&lt;xml-fragment/></con:setting></con:settings><con:encoding>UTF-8</con:encoding><con:endpoint>http://localhost:8080/ws</con:endpoint><con:request><![CDATA[<soapenv:Envelope xmlns:soapenv="http://schemas.xmlsoap.org/soap/envelope/" xmlns:ban="http://pokemon/challenge/bankaya-web-service">
   <soapenv:Header/>
   <soapenv:Body>
      <ban:getAbilitiesRequest>
         <ban:name>raichu</ban:name>
      </ban:getAbilitiesRequest>
   </soapenv:Body>
</soapenv:Envelope>]]></con:request><con:credentials><con:authType>No Authorization</con:authType></con:credentials><con:jmsConfig JMSDeliveryMode="PERSISTENT"/><con:jmsPropertyConfig/><con:wsaConfig mustUnderstand="NONE" version="200508" action="http://pokemon/challenge/bankaya-web-service/PokemonPort/getAbilitiesRequest"/><con:wsrmConfig version="1.2"/></con:call></con:operation></con:interface><con:properties/><con:wssContainer/><con:oAuth2ProfileContainer/><con:oAuth1ProfileContainer/><con:sensitiveInformation/></con:soapui-project>